Job Title,FirstName,LastName,CompanyName,Country,StreetAddress,City,Street
Lecturer,Mayleen,Ingram,Areon Impex,Iceland,"Elba  Way, 3018",Arlington,Cave   Vale
Design Engineer,Julius,Thomson,Comcast,Sweden,"Battersea   Way, 9467",Escondido,Victoria  Road
Paramedic,Florence,Rothwell,BuzzFeed,Peru,"Collingwood  Avenue, 3869",Bellevue,Norfolk  Crossroad
Stockbroker,Samantha,Kelly,Mars,Austria,"Armory  Vale, 9059",Fort Lauderdale,Dunsley  Boulevard
Cashier,Kendra,Devonport,BuzzFeed,Guyana,"Walnut Drive, 9204",Phoenix,Balfour    Alley
Cash Manager,Carina,Thomson,Zepter,San Marino,"Clissold  Hill, 7280",Hayward,Biggerstaff   Hill
Restaurant Manager,Maria,Cox,ENEL,Iran,"St. Jamess  Lane, 8387",Lisbon,Fairbairn  Hill
Retail Trainee,Rose,Rainford,ExxonMobil,France,"Sherwood  Rue, 655",Bridgeport,Oxford Grove
Accountant,Tyson,Spencer,Metro Cash&Carry,Kyrgyzstan,"Dunton  Rue, 1219",Omaha,Bell    Pass
Design Engineer,Clint,Warner,Leadertech Consulting,Côte d’Ivoire,"Epworth  Pass, 4955",Henderson,Apsley    Avenue
Lecturer,Harvey,Michael,BuzzFeed,Iran,"Bayberry Hill, 15",Valetta,Bennett  Vale
IT Support Staff,Bob,Warner,Metro Cash&Carry,Micronesia,"Angela   Alley, 811",Lakewood,West Grove
Budget Analyst,Percy,Collis,Metro Cash&Carry,Slovenia,"Bliss  Road, 4502",Charlotte,Catherine  Walk
Mobile Developer,Erick,Russell,Carrefour,Senegal,"Arline    Drive, 4684",San Jose,Chelsea Manor  Alley
Operator,Johnny,Gavin,Facebook,Peru,"Blackheath   Pass, 8152",Madrid,Ben   Boulevard
Associate Professor,Sofie,Shaw,ENEL,Mozambique,"Beatty  Street, 4053",Cincinnati,Becklow  Lane
Service Supervisor,Colleen,Donnelly,It Smart Group,Mozambique,"Boleyn  Pass, 2621",Lyon,Church Way
Lecturer,Nathan,Bristow,UPC,United Kingdom,"Chambers  Tunnel, 6127",Chicago,Sheffield Crossroad
Fabricator,Clint,Lewin,Zepter,Turkmenistan,"Chesterfield  Hill, 713",Indianapolis,Bishop   Walk
Auditor,Rick,Walsh,Metro Cash&Carry,Cabo Verde,"Ellerslie Route, 2807",Tulsa,Cleveland  Crossroad
Food Technologist,Julius,Uttley,Mars,Netherlands,"Burton  Crossroad, 6881",Paris,Elf  Drive
Cashier,Ember,Reynolds,Erickson,Slovakia,"English   Way, 5390",Worcester,Chester      Way
Food Technologist,Erick,Clarkson,Metro Cash&Carry,Czech Republic,"Bellenden  Crossroad, 6313",Phoenix,Epworth  Pass
Lecturer,Rocco,Simpson,It Smart Group,Morocco,"Berriman  Hill, 8074",Anaheim,Calderwood   Vale
Auditor,Gil,Jones,Coca-Cola Company,Ethiopia,"Beaumont  Crossroad, 913",Bakersfield,Marischal  Pass
Operator,Lillian,Tutton,Biolife Grup,Oman,"Cheltenham  Way, 774",Garland,Collent   Pass
CNC Operator,Aiden,Anderson,ENEL,Lesotho,"Bethwin  Alley, 2890",Pittsburgh,Tilloch   Avenue
Electrician,Manuel,Stewart,Comcast,Mongolia,"Cadogan  Boulevard, 1722",Ontario,Edwin   Boulevard
Retail Trainee,Anthony,Stanton,Global Print,Saudi Arabia,"Catherine  Crossroad, 1752",Washington,Cleaver Road
Food Technologist,Francesca,Forester,Erickson,Vatican City,"Dunstans  Road, 5344",New York,Westcott  Drive
Lecturer,Leroy,Connor,Telekom,Croatia,"Blomfield  Avenue, 1431",Bellevue,Cavendish Tunnel
Web Developer,Kurt,Pitt,Telekom,Russia,"Collins  Route, 3972",San Antonio,Chalcot  Route
Paramedic,Agnes,Calderwood,Biolife Grup,Nepal,"Bicknell  Lane, 9995",Quebec,Epworth  Rue
Design Engineer,Hank,Larkin,Mars,Czech Republic,"Fairholt   Street, 4778",Laredo,Argyle  Alley
Associate Professor,Alma,Rivers,Leadertech Consulting,Namibia,"Bellenden  Hill, 2040",Lakewood,Cave   Walk
Global Logistics Supervisor,Liam,Keys,Comcast,Afghanistan,"Central  Route, 9671",Stockton,Charnwood   Tunnel
Clerk,Miriam,Scott,Amazon.com,Guinea,"Adderley   Walk, 4694",New York,Cam  Route
Assistant Buyer,Denny,Eastwood,ENEL,Hungary,"Wager   Drive, 5907",Madrid,West Road
Budget Analyst,Clarissa,Thomas,Areon Impex,Fiji,"Coal Wharf  Grove, 8677",Salt Lake City,Bendmore  Drive
Loan Officer,Owen,Stevens,CarMax,East Timor (Timor-Leste),"Kingly  Avenue, 4817",Milano,Lincoln Rue
Dentist,Daniel,Cattell,Telekom,Sudan,"Glenwood Lane, 1769",Anaheim,Champion  Boulevard
Bellman,Juliet,Murphy,Mars,Uganda,"Lexington Boulevard, 9018",San Francisco,Church Avenue
Audiologist,Chuck,Welsch,Comodo,Thailand,"English   Route, 6182",Richmond,Cockspur  Crossroad
Service Supervisor,Bryce,Clarkson,Metro Cash&Carry,Moldova,"Rail Hill, 2068",St. Louis,Erindale Drive
HR Coordinator,Fred,Snell,CarMax,Cameroon,"Camden  Lane, 1084",San Jose,King William  Street
Dentist,Rocco,Porter,Carrefour,Jamaica,"Champion  Street, 3939",Hollywood,Kingly  Lane
Dentist,Cedrick,Jobson,Leadertech Consulting,Armenia,"Bloomsbury  Pass, 7732",Lisbon,Lexington Vale
Paramedic,Ivette,Howard,Comcast,Ghana,"Commercial  Pass, 5882",Scottsdale,Calvin   Boulevard
Budget Analyst,Chris,Hilton,Demaco,China,"Viscount   Vale, 5634",San Antonio,Bacon  Lane
Systems Administrator,Noemi,Benfield,Carrefour,Turkey,"Boadicea   Grove, 5559",Bridgeport,Birkin   Street
Insurance Broker,Erick,Snell,21st Century Fox,Kosovo,"Lincoln Grove, 773",Omaha,Wadham  Drive
Chef Manager,Elena,Nanton,UPC,Croatia,"Norfolk  Route, 2683",New Orleans,Chestnut Rise Way
Bellman,Adina,Quinton,It Smart Group,Israel,"Berry  Grove, 4847",Memphis,Rosewood Crossroad
Auditor,Hannah,Wilkinson,UPC,Central African Republic,"Chancellor  Street, 9107",Long Beach,Woodland Rue
Fabricator,Anthony,Saunders,Coca-Cola Company,Bolivia,"Timber   Boulevard, 5340",Kansas City,Central  Street
Healthcare Specialist,Darlene,Young,ExxonMobil,Myanmar,"Bagford   Way, 4183",Nashville,Norfolk  Hill
Software Engineer,Jackeline,Carpenter,Zepter,Fiji,"Chesterfield  Alley, 1833",Las Vegas,Bedford  Road
Production Painter,Tyson,May,Erickson,Lebanon,"Vincent  Avenue, 6700",Irving,York Street
Accountant,Jasmine,Whitehouse,DynCorp,Saint Kitts and Nevis,"Blenkarne  Alley, 5206",Madrid,Bedford  Route
Operator,Margaret,Morris,AECOM,Guinea-Bissau,"Dutton   Road, 6324",Arlington,Blandford  Street
Assistant Buyer,Dalia,Matthews,Coca-Cola Company,Guatemala,"Falconberg   Crossroad, 6786",Irving,Belmore  Route
Retail Trainee,Leroy,Williams,Zepter,Chad,"Rosewood Street, 9743",Lincoln,Canon Grove
Systems Administrator,Nancy,King,Telekom,Lithuania,"Ampton  Way, 4453",Boston,Bayberry Alley
Physician,Gina,Franks,AECOM,Nepal,"Longman   Vale, 5742",Jersey City,South Boulevard
Pharmacist,Mark,Rivers,Mars,Cameroon,"Hamilton  Drive, 6966",Philadelphia,Battis   Street
Baker,Maxwell,Notman,Carrefour,Hungary,"Sherwood  Grove, 7104",Denver,Egerton  Tunnel
Laboratory Technician,Boris,Swift,Apple Inc.,Austria,"Blackall   Pass, 9350",Dallas,Dunton  Way
Webmaster,Rosa,Graham,Coca-Cola Company,Belize,"Jackson Road, 7278",Glendale,Balham   Vale
Food Technologist,Robyn,Simpson,Erickson,Myanmar,"Bacon  Pass, 9548",Lincoln,Bekesbourne   Way
Bellman,Andrea,Salt,CarMax,Kuwait,"Linden Hill, 7811",Lancaster,Cedarne  Hill
Fabricator,Tyson,Varndell,Mars,Georgia,"Cleveland  Rue, 9341",Lancaster,Dyott   Route
Food Technologist,Russel,Nelson,Coca-Cola Company,Togo,"Cadogan  Way, 9210",Kansas City,Falconberg   Drive
Production Painter,Gabriel,Kennedy,Leadertech Consulting,Cameroon,"Longmoore   Drive, 9484",Chicago,Bishop   Vale
Audiologist,Lynn,Radcliffe,Leadertech Consulting,Indonesia,"Longman   Boulevard, 4511",Salem,Boleyn  Drive
Systems Administrator,Evie,Sawyer,CarMax,Slovakia,"Chatfield  Way, 2533",Miami,Epworth  Vale
Bookkeeper,Carl,Cann,Global Print,Luxembourg,"Fieldstone Route, 9316",Garland,Lexington Way
Bookkeeper,Dasha,Grady,AECOM,Luxembourg,"English   Pass, 6449",Milwaukee,Birkbeck  Pass
Ambulatory Nurse,Agnes,Oswald,Boeing,Trinidad and Tobago,"Eldon  Hill, 2088",Honolulu,Fairbairn  Pass
Health Educator,Zoe,Reid,DynCorp,South Africa,"Ellerslie Tunnel, 2656",Charlotte,Chestnut  Street
Software Engineer,Sofie,Aldridge,Amazon.com,Eritrea,"Hickory Lane Road, 5675",Seattle,Elystan  Crossroad
Paramedic,Bob,Addison,Comcast,Denmark,"Chalcot  Lane, 9690",Long Beach,Elizabeth  Alley
Software Engineer,Piper,Bell,CarMax,Lithuania,"Andsell    Street, 2810",Hayward,Chestnut Rise Street
Associate Professor,Blake,Harrison,Metro Cash&Carry,Czech Republic,"Addison  Grove, 2548",Richmond,Linden Lane
Mobile Developer,Manuel,Emmott,AECOM,Chile,"Baylis  Drive, 4786",Tokyo,Ernest  Tunnel
Audiologist,Tyler,Ross,BuzzFeed,Bulgaria,"Ampton  Pass, 6609",San Francisco,Chartham  Vale
Executive Director,Joy,Larsen,Danone,Finland,"Woodland Route, 3618",Norfolk,Bond Grove
Retail Trainee,Isla,Kirby,Demaco,Italy,"Marina  Street, 1357",Long Beach,Cavaye  Drive
Lecturer,George,Hope,Leadertech Consulting,The Bahamas,"Cam  Pass, 3012",Reno,Ensign   Crossroad
Project Manager,Jane,Baldwin,Vodafone,Poland,"Eldon  Way, 4482",Anaheim,Hickory Lane Rue
Webmaster,Cara,Hobbs,Telekom,USA,"Rosewood Road, 6027",Tulsa,Wager   Hill
Cook,Alexander,Moore,Zepter,Argentina,"Blackheath  Route, 2888",Detroit,Marischal  Hill
Inspector,William,Shields,Metro Cash&Carry,Russia,"Bayberry Alley, 1125",Lakewood,Birkin   Alley
Operator,Deborah,Cattell,Zepter,Cambodia,"Canon Vale, 5633",Washington,Comet House  Rue
Steward,Candice,Eastwood,UPC,Saudi Arabia,"Walnut Route, 880",Columbus,Rivervalley Rue
Clerk,Rose,Rainford,Coca-Cola Company,Armenia,"Boadicea   Boulevard, 4600",Jacksonville,Fieldstone Crossroad
Operator,Johnathan,Redden,Biolife Grup,Iraq,"King Road, 3983",Zurich,Collingwood  Boulevard
Front Desk Coordinator,Teagan,Rodgers,UPC,France,"Elia   Walk, 7713",Zurich,Lincoln Vale
Steward,David,Cunningham,BuzzFeed,Zimbabwe,"Bede  Alley, 6796",Tokyo,Aberavon  Rue
CNC Operator,Mike,Graham,Biolife Grup,Norway,"East Way, 205",Escondido,Bacon  Rue
Ambulatory Nurse,Alexander,Gallacher,ExxonMobil,Dominica,"Sherlock   Crossroad, 5215",San Diego,Elystan  Avenue

